,1,10,11,12,13,14,15,16,17,18,19,2,20,21,22,23,24,25,26,27,28,29,3,30,31,32,33,34,35,36,37,38,39,4,40,41,42,43,44,45,46,47,48,49,5,50,51,52,53,54,55,56,57,58,59,6,60,7,8,9
1,1.0,0.16380418099851632,0.29187002798342,0.2101796858269276,0.10449358917918543,0.17457698625399604,0.16518960034656377,0.13902127093839392,0.15965914312642493,0.12969014167976628,0.20706578262207226,0.187753623181954,0.1920772316086273,0.16480294212908173,0.23908455281433927,0.16674104938474565,0.20765982092637075,0.19230570351598225,0.22235545005636181,0.20192204582783865,0.1799758263399379,0.16742053764210482,0.21341140679194978,0.20941278964977572,0.19963871198467228,0.09631534810996334,0.18426601176478985,0.17057648303573264,0.15256434690404447,0.17025459339098953,0.17069644989968663,0.17176664444930326,0.2388038636964307,0.2673008690466463,0.18752077912251114,0.15258825405452253,0.1903188230187686,0.09701063256664037,0.17864289323891117,0.16658912527139652,0.1556690181313622,0.15380021365526475,0.18822127166045716,0.17829498723082512,0.13292155412585216,0.21881661803529182,0.16969759237360676,0.21314325299739761,0.19069900176759425,0.19758962624499385,0.17169461433151137,0.19552943438533943,0.17333312169951576,0.1737945829557604,0.19715623964695514,0.1810332890788222,0.1872838402536852,0.19057270566985,0.1544271325561807,0.21848319941732047
10,0.16380418099851632,1.0,0.1736470628106901,0.15535541143677137,0.2203233806470485,0.1566815988958937,0.16800288787220272,0.08909562780816019,0.18378716502349515,0.21422451660714126,0.2092677250919576,0.14703479806845263,0.2637157974664882,0.12599446111516702,0.15896406855276698,0.14714914653330102,0.16940420112606763,0.14839886755912035,0.1602967967313858,0.1527448366420011,0.13895744584362074,0.13107622815408826,0.12112213505424481,0.1463781117079075,0.13939804777573345,0.06545588195536298,0.1504488982288184,0.12065907072530946,0.15230364829484197,0.15504967040515522,0.15715713068434217,0.14410029073157218,0.14094049042416165,0.15723560185048,0.1012676344503423,0.10981480242189501,0.12238163093089416,0.16530126630054826,0.1120365725231383,0.12129658944712078,0.12668737792827617,0.10851078665210032,0.12287252650867893,0.12664350208911085,0.18282745301660755,0.13376124869210843,0.12463192902549722,0.1175316653158005,0.1157067266768221,0.12829773244270412,0.11586938495003038,0.13033976656235544,0.17088566114822162,0.12499524272429785,0.12253843893338749,0.1357758082257341,0.12283262418990089,0.13033759705862172,0.2093175974520654,0.13147073154153385
11,0.29187002798342,0.1736470628106901,1.0,0.22321839563566298,0.1349957359322556,0.1723131674954034,0.1735358090626619,0.1208615624198421,0.17402301187008265,0.15340294427363216,0.17765629353812418,0.2397093125734263,0.1943645092325264,0.1392550726540814,0.2154115019663374,0.19826436173982434,0.2090845872945704,0.24437442856541464,0.20655660229670653,0.23159837868508495,0.20392508446497973,0.21306460154095763,0.19443917033707747,0.1913755830366976,0.2616849878138964,0.09389804109773577,0.17888888814719012,0.1355207992501395,0.1518691013748518,0.17960756601298622,0.19566267407250107,0.15502782048138825,0.21305769470583172,0.285022606525521,0.15029720273175246,0.10050370878811479,0.17619495761325457,0.13585210763948835,0.17628737213434342,0.20766676152289332,0.19010853924951668,0.13616742965344358,0.20045805356476074,0.14191360722048,0.14568833846527843,0.1936157191040416,0.1640627152118323,0.1435095301667753,0.18506793042894393,0.16732514274384083,0.21992627275429388,0.20289508822765773,0.2219733075319021,0.1909866801900742,0.20541575233076764,0.19685395422333235,0.16928245489688973,0.1627268460256857,0.15484230777232194,0.17380812973006748
12,0.2101796858269276,0.15535541143677137,0.22321839563566298,1.0,0.11283193409996779,0.15458580831966678,0.23734111340056177,0.11862460710192009,0.2018521522103816,0.15161349115401618,0.1884261308661295,0.2200424310606098,0.2008075787174976,0.0937568378011145,0.18091537479678996,0.15834388976450495,0.20682330848177752,0.1638619825287151,0.19399927507139197,0.19034796500239407,0.19882806647333492,0.17895105946166798,0.1268321454505589,0.1736703657780355,0.1546194880524034,0.07634325924555878,0.20353775952470415,0.13830693637686195,0.10010577918350005,0.142059605591974,0.1417390401870861,0.12744042584895143,0.21207823245106674,0.20501468810724183,0.13695393540983397,0.0989920873360616,0.1790217372587406,0.09817486940640799,0.15191208482336038,0.1911394234553641,0.17864492745062663,0.13914906256875575,0.19740628895534215,0.15329960361239386,0.19771171635111023,0.18499185141798433,0.1913715469843788,0.14699684680376768,0.18158797061121276,0.17226041959070235,0.18853415308876223,0.18300704497717643,0.18340208421267795,0.19605170510728803,0.1478008377872346,0.19567994615861115,0.16872120872300073,0.1562930262700374,0.15784076804828934,0.1866480960006776
13,0.10449358917918543,0.2203233806470485,0.1349957359322556,0.11283193409996779,1.0,0.10607934878801824,0.13518688935823725,0.11053226590925666,0.10826248841405244,0.21986889454282793,0.1192302556391279,0.10781687110861407,0.15555458038392425,0.09179524218143927,0.11623223991520733,0.129767340881371,0.09709300913775448,0.13545854412196673,0.09365909055345215,0.12331812126361448,0.1065596772965022,0.10503681614033988,0.14007001921466272,0.08805078909508753,0.1062860966151852,0.04842260661454082,0.15370759559509445,0.11967104738137083,0.1186254949014979,0.1252088107180221,0.11068291595955793,0.1531873154351741,0.11133330425171159,0.11505112360438892,0.13576656705436288,0.11626679631799348,0.09409123161386404,0.1494846510235801,0.12726637174461025,0.09823991479187101,0.08952296370201891,0.13663453693630223,0.11883807663501597,0.09527732957158545,0.14861125542372128,0.09280438627534573,0.13288517057801955,0.0780648136046844,0.09910295235488861,0.09637335349655698,0.0816353835718894,0.11661039103284407,0.10449463947756396,0.08385530171249542,0.12333766430832963,0.0858968762190172,0.12686512088003582,0.1158332584382507,0.18502038435756019,0.08859494577681588
14,0.17457698625399604,0.1566815988958937,0.1723131674954034,0.15458580831966678,0.10607934878801824,1.0,0.24383705618264404,0.11005990138204225,0.25036478999403905,0.13902108517235248,0.2471855983797028,0.19768719961833822,0.27356325325007624,0.1356192167486972,0.1749143807948456,0.23486352533129753,0.20385356779999314,0.22827653535890624,0.19563013491776507,0.18056620828265618,0.20902190172400498,0.1424628462808834,0.12168986857372444,0.18750522815362583,0.14048562590332767,0.12127713175798349,0.1600792094762969,0.10857807477628838,0.12952841714491758,0.17857889133629462,0.12013308227210953,0.13391354320563745,0.16731777315989863,0.19238883339854226,0.13077238013319276,0.12661919153181894,0.16785810481768568,0.1363267928741924,0.1465914014307349,0.191710495315415,0.22765246693538232,0.12366441345784387,0.2030467082052147,0.21569989672840945,0.14569362682074624,0.2179185237206392,0.17306286517695604,0.15427331397634764,0.15263597681133492,0.19649032175482434,0.17216222267217834,0.21735756780388718,0.21336945485409925,0.17347458700993856,0.18837387744716957,0.19567999556211707,0.16157187409231333,0.13048326043818087,0.2077171586879115,0.12159073761237824
15,0.16518960034656377,0.16800288787220272,0.1735358090626619,0.23734111340056177,0.13518688935823725,0.24383705618264404,1.0,0.08716964719266859,0.29157627462144253,0.10955199347003883,0.22471664318259119,0.19647650949786366,0.2859402211669952,0.09668320997237638,0.2163716465384252,0.20137828886548528,0.24140253367524228,0.19150164777405043,0.23230646157495816,0.2547617038516761,0.21210590585360936,0.19282493717223056,0.15030606822733103,0.22618084490174808,0.1991411134823124,0.08630075637618437,0.20017935864067526,0.11445844651108747,0.10511704725309148,0.14792106517920933,0.12411771320173817,0.13688404986510833,0.19801551917588192,0.18592850194028485,0.1494022336659075,0.10404640958464291,0.1730983620530809,0.13253367456075704,0.13390097882059027,0.24927229688028643,0.2595149001707293,0.0956713071458158,0.2283519838111384,0.1683065421925906,0.12209333867022121,0.22605638542320428,0.19146923055572496,0.10784717307486354,0.19197564866684236,0.18487939255105917,0.2127966327228746,0.1754061899354819,0.21891709569712772,0.22746301475482822,0.20406080878611582,0.1869425825687856,0.17980514258662045,0.10657766762075542,0.1889604612671976,0.13161982788592605
16,0.13902127093839392,0.08909562780816019,0.1208615624198421,0.11862460710192009,0.11053226590925666,0.11005990138204225,0.08716964719266859,1.0,0.10616568082689923,0.07655421527488801,0.11510037707256993,0.10115019182093823,0.0826641352846745,0.09972366555473039,0.12085468024147712,0.12437154880149484,0.12383774127353539,0.11526864097627036,0.11812661947734862,0.12318467351576201,0.11367347978862039,0.09459085957255622,0.1695312643039169,0.12651369744626034,0.12356267264238105,0.04080306271366942,0.11051271319754793,0.1301102676378239,0.11303030181022629,0.11077910482332567,0.11680669267831245,0.126458594586909,0.12519055493359382,0.12446378258541287,0.10153066626606774,0.12731170589367674,0.1332008756914248,0.12045425643175571,0.12340210973389269,0.095549502729423,0.09473772377199477,0.1931545975015571,0.09506260279948923,0.1103085163943462,0.11122612458382304,0.10748077653414731,0.1193752438080888,0.10462410380351872,0.11730655375132351,0.11794858958157647,0.11043704002913293,0.1168516725188169,0.09469213463884543,0.13636907264783074,0.11777902268045112,0.09308827837217806,0.1001610097644389,0.10834282115371088,0.08970981833255622,0.12578627657927952
17,0.15965914312642493,0.18378716502349515,0.17402301187008265,0.2018521522103816,0.10826248841405244,0.25036478999403905,0.29157627462144253,0.10616568082689923,1.0,0.1660529093972544,0.27919677110517627,0.1834626398322175,0.28913566535313073,0.0857805012652479,0.21033228058267275,0.22886324338369154,0.21089784901192754,0.20378274713746278,0.28732485426965065,0.251456025805584,0.20860492968465535,0.1925142089282843,0.132061375520032,0.2020291233905339,0.17454144073125005,0.07775391856491416,0.1916691349660743,0.1079024733184563,0.09892894766121843,0.15062816981009836,0.12699779871100988,0.12000464723245255,0.20826455264378305,0.13243386944023658,0.13425244771184963,0.11959951916471541,0.1569739230202338,0.14165662870067824,0.12837741653228735,0.20455903536438505,0.25932631191741606,0.12304735308801029,0.23031363213443265,0.18721408302074188,0.16258960438137343,0.20775264495667517,0.1872878862596204,0.09636711125482282,0.19408646061151041,0.20837926964760908,0.15881307196875416,0.16991294889271985,0.17106258047858375,0.21707076397767774,0.16695503045821383,0.14886010811152733,0.1713253409966439,0.11380671439859284,0.2440176171185416,0.16593543895817633
18,0.12969014167976628,0.21422451660714126,0.15340294427363216,0.15161349115401618,0.21986889454282793,0.13902108517235248,0.10955199347003883,0.07655421527488801,0.1660529093972544,1.0,0.12183072802660048,0.11766848217915263,0.1960940396134347,0.10027027521909852,0.14479031422029448,0.11893123201173261,0.1677717905598704,0.11038628214223287,0.15625643477369397,0.12466754101931347,0.10436615950815586,0.11882565429304552,0.12679459668009593,0.13647473656290657,0.10955758492190296,0.0797188598286577,0.15813630633871126,0.1304561963374144,0.10103315881819194,0.13720981569750257,0.11345347783533807,0.14207879987648706,0.17833931043264353,0.10732557333632231,0.13916291871162864,0.09646773411116664,0.13103166246384856,0.0924527158186839,0.13554416217267692,0.09323550060678816,0.13058277114843694,0.10523325115907403,0.11389005600740446,0.12198153002986353,0.23179391752910278,0.11541483987501207,0.12533028644535743,0.09701354660800697,0.1129680585629302,0.13622369251697575,0.09790096626618268,0.12297830726622397,0.12142224322724873,0.12931426499735554,0.11854675982648252,0.10486171901006344,0.12849496548521516,0.14308031047373135,0.22180583707338206,0.1270208690396824
19,0.20706578262207226,0.2092677250919576,0.17765629353812418,0.1884261308661295,0.1192302556391279,0.2471855983797028,0.22471664318259119,0.11510037707256993,0.27919677110517627,0.12183072802660048,1.0,0.18424490937913757,0.2949435566021962,0.13392423921866978,0.18245249419529844,0.1846918128699308,0.19662904912115925,0.18637562641798966,0.21534199237114296,0.20525002043797613,0.2088091124278003,0.15002436130562627,0.14284303854972386,0.20445067012069645,0.16475074458267058,0.06553467979699398,0.16761386620465524,0.11065863426546438,0.1263317163175599,0.20944767638395909,0.11991655944472948,0.11042351179678975,0.2131968115066039,0.18599833944963004,0.12861471976314492,0.12629953716638562,0.2148199389553592,0.1460359986583084,0.1469342153150913,0.21562553510622315,0.19853623764007255,0.11747014157700955,0.19829705242047937,0.173742631733043,0.15482701008131597,0.21035792896413322,0.1786765703831698,0.1686666305732531,0.15676700574659072,0.219104255151697,0.15320054813376913,0.18039563198719794,0.21211503659544934,0.19315771133286425,0.2142926332690176,0.2127735711448085,0.17445536948414228,0.13315768578368625,0.22935966203844133,0.15494641845063087
2,0.187753623181954,0.14703479806845263,0.2397093125734263,0.2200424310606098,0.10781687110861407,0.19768719961833822,0.19647650949786366,0.10115019182093823,0.1834626398322175,0.11766848217915263,0.18424490937913757,1.0,0.27537483114018624,0.09616830547200014,0.18377849697498863,0.19761540779391223,0.21407387994308352,0.25131315069804805,0.20710589918385555,0.18844596862724358,0.22691466472942112,0.17513119130345295,0.16914985045739767,0.21805305941858383,0.2185904133945133,0.08819188585775625,0.1714920653192938,0.12376789113749709,0.10959766420554318,0.2081459201662334,0.16329933693684442,0.17693813625413052,0.2029233786451167,0.28560297579147864,0.14562086688027082,0.13462124973623668,0.17160166450042938,0.13370249356313219,0.14972991952951603,0.17312276318940828,0.16272181636738084,0.10783059380293705,0.20441040859454027,0.11828999130518643,0.16464705333664692,0.19244595722560107,0.20797269384601105,0.16034075096786413,0.1797205041223169,0.2109887452086844,0.18925538227384356,0.207811743829675,0.24749165002215534,0.21092738118997084,0.17913296504439638,0.21344247686431128,0.14370117360545528,0.18724048623271128,0.19242336651634853,0.15742985452034225
20,0.1920772316086273,0.2637157974664882,0.1943645092325264,0.2008075787174976,0.15555458038392425,0.27356325325007624,0.2859402211669952,0.0826641352846745,0.28913566535313073,0.1960940396134347,0.2949435566021962,0.27537483114018624,1.0,0.11295958233629397,0.19260773178843427,0.2158326748204896,0.2246985249046916,0.19175674865050132,0.2411841858225987,0.2268145079542018,0.251878514768375,0.14460778813055422,0.1180485630638886,0.20862613310785322,0.15568712454338435,0.09055911984482548,0.16684731225317367,0.08418471924385665,0.12640344811618642,0.19015834920082433,0.12127773264104333,0.1171063161225718,0.19015532618103576,0.19323675408418234,0.1132849567362959,0.1315029263896436,0.1730031789729391,0.1711412669077082,0.15362630413926331,0.19393277242578083,0.22139763083083422,0.11860937632777295,0.22148013134354622,0.19620311034313198,0.20768644406407252,0.1940691929945208,0.17972653451220147,0.1365637801408286,0.1619852137294812,0.21458814545094293,0.15186108123794118,0.19355434731913843,0.2435154658502579,0.2143588061119023,0.1818769707162847,0.2114352211379246,0.16252409356418146,0.16428211299531878,0.29851865087525287,0.12940893859389063
21,0.16480294212908173,0.12599446111516702,0.1392550726540814,0.0937568378011145,0.09179524218143927,0.1356192167486972,0.09668320997237638,0.09972366555473039,0.0857805012652479,0.10027027521909852,0.13392423921866978,0.09616830547200014,0.11295958233629397,1.0,0.137524240148461,0.1344018995866783,0.14579602413481235,0.12722104439165366,0.10974017315088032,0.12268711477487863,0.1281626703596777,0.21939070842486313,0.1054598779362427,0.13633913281509097,0.11801991844719481,0.08349117882508424,0.11540890186281091,0.09698905384396476,0.1420034646627229,0.1112448763963001,0.17212831391489805,0.11399287489296857,0.17706989820248423,0.11985231396326897,0.11383551446118437,0.12551340322839963,0.1380205040966085,0.14442524156118247,0.11205017025800709,0.09492708529807055,0.10263771059803987,0.09726401154245612,0.09164255271957614,0.10065726226452895,0.1039601727288038,0.09341726382509877,0.11009936512771619,0.16540233579127842,0.08920051871836374,0.12234072313735293,0.08717704117430085,0.10494357748447172,0.08978701246527673,0.1274096002616766,0.11656447828470337,0.1016192308960788,0.11940942035186067,0.08516262383219013,0.09701884195933433,0.10436102498601776
22,0.23908455281433927,0.15896406855276698,0.2154115019663374,0.18091537479678996,0.11623223991520733,0.1749143807948456,0.2163716465384252,0.12085468024147712,0.21033228058267275,0.14479031422029448,0.18245249419529844,0.18377849697498863,0.19260773178843427,0.137524240148461,1.0,0.24615880477045513,0.30026445758807185,0.2718761153236957,0.3406272765684014,0.38769684525766746,0.30626767457835813,0.2501894586635657,0.1550210912852165,0.25452654063590485,0.29306783801608927,0.10899085821122387,0.18116853366681354,0.1384331053084015,0.18137960403869866,0.22086725463285353,0.2331273276971409,0.1350637877088036,0.24854351719737117,0.20534739322002826,0.16008797224538562,0.12844843723516391,0.2151045852439169,0.16006102752363685,0.16734718085579758,0.25746209285573896,0.24885712476117963,0.1355242794526989,0.2768646878595032,0.19550416974096466,0.1483427374734021,0.28751913608876045,0.21254902895088365,0.15705873095228723,0.2298906729632761,0.22367431011087122,0.24675094054992863,0.1976835949154166,0.1814207143921837,0.2589618288492149,0.18513268804135302,0.17852921633149613,0.22239235536927918,0.12477276238757615,0.1564546844600963,0.16768237442212217
23,0.16674104938474565,0.14714914653330102,0.19826436173982434,0.15834388976450495,0.129767340881371,0.23486352533129753,0.20137828886548528,0.12437154880149484,0.22886324338369154,0.11893123201173261,0.1846918128699308,0.19761540779391223,0.2158326748204896,0.1344018995866783,0.24615880477045513,1.0,0.27137441162681947,0.22538014899180583,0.25203453705286794,0.26354946567753224,0.23598931496172587,0.2616286520576086,0.11899554993623329,0.24702786839669572,0.25666553823247995,0.11749818989575558,0.22128159073377812,0.14691965087841324,0.12578206668723513,0.21257647763073537,0.14725983304910004,0.16274330981596025,0.22121265147916125,0.1960491308810397,0.17853094091805094,0.12907651196152883,0.17897516127337204,0.17649953227812076,0.15344627683628062,0.22053566124036697,0.19222275882654805,0.11791260999173354,0.1853368604825766,0.14488956263611788,0.16461226053050132,0.22205507551093112,0.19326246807943073,0.12754427199529292,0.1958976855347526,0.23885701434882697,0.24545973035819704,0.22531951617958573,0.22613071366873597,0.24493320282812245,0.18573555678957235,0.180848731321416,0.17747495578701963,0.13020170849248744,0.17589864719788242,0.1367406017865816
24,0.20765982092637075,0.16940420112606763,0.2090845872945704,0.20682330848177752,0.09709300913775448,0.20385356779999314,0.24140253367524228,0.12383774127353539,0.21089784901192754,0.1677717905598704,0.19662904912115925,0.21407387994308352,0.2246985249046916,0.14579602413481235,0.30026445758807185,0.27137441162681947,1.0,0.30231751591783074,0.2959307670324396,0.29502521057799524,0.2970422165755453,0.23544071935488806,0.12057008825682418,0.3298358808127409,0.2562699110458844,0.13097833650405105,0.21794897651502323,0.15016721209490563,0.14926710333034507,0.23905623967709425,0.22745348810972965,0.15879236834551008,0.238359470290799,0.21963522969679375,0.2027364695240994,0.1695166500939159,0.1980096418169618,0.13884110895213103,0.15947322334150207,0.2316785794204285,0.22104515891067536,0.14052512103005652,0.20723021631911073,0.18748462660448825,0.16290107654299849,0.24044999843007622,0.2267485406872515,0.13307593287219777,0.22475369966218714,0.24919743925278812,0.21610394767730226,0.20175395479911043,0.19390409072549447,0.214304686171746,0.19652093253733122,0.20872399889523222,0.18600308246511216,0.12835922244547607,0.17551054975290875,0.1408524546044631
25,0.19230570351598225,0.14839886755912035,0.24437442856541464,0.1638619825287151,0.13545854412196673,0.22827653535890624,0.19150164777405043,0.11526864097627036,0.20378274713746278,0.11038628214223287,0.18637562641798966,0.25131315069804805,0.19175674865050132,0.12722104439165366,0.2718761153236957,0.22538014899180583,0.30231751591783074,1.0,0.2748171411074554,0.26745632351257687,0.3042705168164546,0.2878445280942124,0.15348424315129225,0.321219939400669,0.31380235369573944,0.11697699573666234,0.19206857686985912,0.09946057978700391,0.14473834444936057,0.21708444279071254,0.1577670810944689,0.14948665717156318,0.2243304555433614,0.25300876942402695,0.143436317952282,0.12740421400511265,0.16734734583501915,0.15738608467245996,0.13608199461820614,0.21439842837836304,0.18260103203599656,0.12630998648265593,0.21039149457000797,0.15842349579633558,0.1291130288881656,0.22757140206528978,0.20324748900325637,0.14918024896879928,0.1900958890607461,0.19760406708842648,0.19597669507337034,0.2113172384685668,0.22689614558417234,0.20243443468283226,0.20805010215424655,0.23462255470308988,0.14181908986339017,0.10801630643618143,0.16355267948696312,0.13610130273593773
26,0.22235545005636181,0.1602967967313858,0.20655660229670653,0.19399927507139197,0.09365909055345215,0.19563013491776507,0.23230646157495816,0.11812661947734862,0.28732485426965065,0.15625643477369397,0.21534199237114296,0.20710589918385555,0.2411841858225987,0.10974017315088032,0.3406272765684014,0.25203453705286794,0.2959307670324396,0.2748171411074554,1.0,0.3476204628272724,0.2989757895917525,0.2696383651187645,0.12830588255076442,0.27959943840643564,0.3098375549776546,0.09326293107345626,0.20607847510789767,0.09740342068556392,0.12961343539816178,0.2109752753172701,0.18391547448287948,0.11342176645160755,0.23825535083042465,0.19598523288261518,0.14705044599772404,0.15773230128224253,0.21918348508775515,0.19283807989668592,0.14426417196512747,0.27516584674318745,0.27354638689412936,0.14032007506817418,0.2475963555936273,0.17508766664941086,0.17497362084527956,0.263436639933971,0.2439864046237287,0.1511026287489334,0.2215599043286353,0.25124515657764057,0.21042700144674936,0.19595183193267926,0.22933846261800178,0.28089174891402696,0.2532424093474247,0.1879857810106591,0.18749257327592886,0.13239506973198595,0.17905276856824068,0.14452744800986267
27,0.20192204582783865,0.1527448366420011,0.23159837868508495,0.19034796500239407,0.12331812126361448,0.18056620828265618,0.2547617038516761,0.12318467351576201,0.251456025805584,0.12466754101931347,0.20525002043797613,0.18844596862724358,0.2268145079542018,0.12268711477487863,0.38769684525766746,0.26354946567753224,0.29502521057799524,0.26745632351257687,0.3476204628272724,1.0,0.34984189305748964,0.27003275692141515,0.171132699870445,0.24772977745053842,0.2767061204511245,0.09872174203325766,0.19765300747033993,0.12731478785580336,0.1495117409539289,0.2515440920470959,0.18138764228142382,0.13439176019023463,0.22999120469475462,0.21669876746673372,0.17622923446601238,0.12062388232698407,0.20555247558734074,0.17587862901794565,0.1655440360810015,0.29524335246408634,0.2389120588769697,0.11483452348676981,0.24518657315351788,0.1537794990602308,0.1418816853132375,0.29347721886057443,0.2229413885283705,0.1322964491104941,0.20174811361758782,0.2178551050719873,0.27607934265349565,0.21019310615911677,0.22411377440144956,0.2432451993949285,0.20823369115055854,0.18192596509174017,0.21383440911128604,0.11577672568661664,0.18721495464893864,0.13604715764755326
28,0.1799758263399379,0.13895744584362074,0.20392508446497973,0.19882806647333492,0.1065596772965022,0.20902190172400498,0.21210590585360936,0.11367347978862039,0.20860492968465535,0.10436615950815586,0.2088091124278003,0.22691466472942112,0.251878514768375,0.1281626703596777,0.30626767457835813,0.23598931496172587,0.2970422165755453,0.3042705168164546,0.2989757895917525,0.34984189305748964,1.0,0.28206801401498593,0.13895559145482136,0.32271170431235896,0.28079260654360194,0.10980790977936924,0.21051023630230653,0.12243278250278222,0.15761399054064515,0.23948346488966746,0.20130284196547393,0.12815180922588026,0.23585457069583765,0.2183512112520118,0.17013603338639022,0.12791610954015004,0.2213415396483615,0.15441664037430164,0.14439779032287295,0.22515486067113732,0.24959539047226026,0.12591075006167615,0.22500221798790615,0.17112041887335186,0.1613738599843823,0.27648314118069506,0.22083889689510885,0.15068021006174084,0.234026401986449,0.26367311727137954,0.22086549624167703,0.23158445301917396,0.22164616681554428,0.2044649415574053,0.20691086156218458,0.2072128680278733,0.2483860749387623,0.13708643675810822,0.17200999979458645,0.12028960561571984
29,0.16742053764210482,0.13107622815408826,0.21306460154095763,0.17895105946166798,0.10503681614033988,0.1424628462808834,0.19282493717223056,0.09459085957255622,0.1925142089282843,0.11882565429304552,0.15002436130562627,0.17513119130345295,0.14460778813055422,0.21939070842486313,0.2501894586635657,0.2616286520576086,0.23544071935488806,0.2878445280942124,0.2696383651187645,0.27003275692141515,0.28206801401498593,1.0,0.12782641903380734,0.25963532668937217,0.3890084713331995,0.10709845281272463,0.1896359041039819,0.1264216655844454,0.15075868930893788,0.22944018601549562,0.2021542667161597,0.1577598548194103,0.25280160054149114,0.22567107104477513,0.16959982220629838,0.12603519577247022,0.19179982037678772,0.17705773752469936,0.152157881435426,0.2171300715494394,0.21672238396555238,0.11631590690989282,0.1877175352174004,0.16400012080973317,0.11358405248143959,0.18216375714075422,0.1990964379172345,0.17236162402727156,0.24098063000663256,0.19900456008731765,0.26525329945622717,0.22438073119659388,0.22142186000344685,0.3173137051153767,0.22979197694583037,0.19419257164309023,0.23750581431412937,0.12196825797332256,0.16405244249576328,0.15880482626305994
3,0.21341140679194978,0.12112213505424481,0.19443917033707747,0.1268321454505589,0.14007001921466272,0.12168986857372444,0.15030606822733103,0.1695312643039169,0.132061375520032,0.12679459668009593,0.14284303854972386,0.16914985045739767,0.1180485630638886,0.1054598779362427,0.1550210912852165,0.11899554993623329,0.12057008825682418,0.15348424315129225,0.12830588255076442,0.171132699870445,0.13895559145482136,0.12782641903380734,1.0,0.12162189058565624,0.13384032545396946,0.049883325117454316,0.15681736181868197,0.1261124530755955,0.12266852606098148,0.12451446604996588,0.10967796366823443,0.16517174532940032,0.1663174731416089,0.1795086251398937,0.13713420633898377,0.13633175438837136,0.1268755068288694,0.12422920291660744,0.14933914978915958,0.1321532532559472,0.13718057471962233,0.1604148818544911,0.12723693049741164,0.12337519497949789,0.1085026369291581,0.1261743205763624,0.16855993782447784,0.12524087952120036,0.13915836544616056,0.14320117945591862,0.12926156323424057,0.11261925555015151,0.10278604135952421,0.1574751356586359,0.14677857646590348,0.11604529444015374,0.13259199552350612,0.1439226421083702,0.13173781214667182,0.22693991764870342
30,0.20941278964977572,0.1463781117079075,0.1913755830366976,0.1736703657780355,0.08805078909508753,0.18750522815362583,0.22618084490174808,0.12651369744626034,0.2020291233905339,0.13647473656290657,0.20445067012069645,0.21805305941858383,0.20862613310785322,0.13633913281509097,0.25452654063590485,0.24702786839669572,0.3298358808127409,0.321219939400669,0.27959943840643564,0.24772977745053842,0.32271170431235896,0.25963532668937217,0.12162189058565624,1.0,0.26290996206577516,0.10995526651012791,0.16894718074739967,0.11734103008912311,0.15933322804682173,0.1909211416498424,0.16551482013578284,0.13138679436748696,0.2293352403147515,0.2522409962314879,0.14342090486607517,0.11624442236502679,0.1921396377413563,0.13197232416417237,0.15544218690160572,0.22895951129595984,0.2178874490598653,0.11684220542114705,0.18720396115082133,0.16117941980559586,0.15311165021389792,0.22305417531206997,0.2136538977629879,0.14882939910898257,0.1894410219258609,0.2396732378361263,0.1733434801222884,0.17772672756136193,0.2003585536823603,0.23603035393621,0.20477330658335516,0.22607673029445277,0.19217964498046639,0.11470727706516622,0.17132506342449835,0.13319890907957108
31,0.19963871198467228,0.13939804777573345,0.2616849878138964,0.1546194880524034,0.1062860966151852,0.14048562590332767,0.1991411134823124,0.12356267264238105,0.17454144073125005,0.10955758492190296,0.16475074458267058,0.2185904133945133,0.15568712454338435,0.11801991844719481,0.29306783801608927,0.25666553823247995,0.2562699110458844,0.31380235369573944,0.3098375549776546,0.2767061204511245,0.28079260654360194,0.3890084713331995,0.13384032545396946,0.26290996206577516,1.0,0.09978913465609993,0.1879833508859477,0.12433697476140768,0.14103993618916838,0.2188332904734068,0.18030195541564192,0.13911065286952087,0.27018508017031284,0.2432598710749788,0.15616258355777787,0.10782272545506533,0.1955138936398562,0.15413792442672375,0.14835541348772718,0.23627430606232885,0.2259341620116734,0.13073438397917586,0.212832227331429,0.1494780524141528,0.13851880917414966,0.2312443160870238,0.21207028498732736,0.1405715478946962,0.25964765436314635,0.18233839802901097,0.27969310490066474,0.20325936740551676,0.2184536731926879,0.2836213922911198,0.2208893296002893,0.19552722739575595,0.20169640703388877,0.13111391067264547,0.15070517658995336,0.1580989183972532
32,0.09631534810996334,0.06545588195536298,0.09389804109773577,0.07634325924555878,0.04842260661454082,0.12127713175798349,0.08630075637618437,0.04080306271366942,0.07775391856491416,0.0797188598286577,0.06553467979699398,0.08819188585775625,0.09055911984482548,0.08349117882508424,0.10899085821122387,0.11749818989575558,0.13097833650405105,0.11697699573666234,0.09326293107345626,0.09872174203325766,0.10980790977936924,0.10709845281272463,0.049883325117454316,0.10995526651012791,0.09978913465609993,1.0,0.07858706356184375,0.05563613237318386,0.04338350698003071,0.09255544608550179,0.07030939321990737,0.06681050898788327,0.10465495434057193,0.0795659855856289,0.06129230367754508,0.06113219735155388,0.07352738663971078,0.05754902676874176,0.04979138114990901,0.09407510785211133,0.08790351031564743,0.04265929031795705,0.07714328860606907,0.10828827859875836,0.06429684282049293,0.10938138267821498,0.0766688893588292,0.06320548932362029,0.10675539806201287,0.0888524907949626,0.0893400766989221,0.09060011672402972,0.09098489914228972,0.08198488070748115,0.08652942002377623,0.0811723126582669,0.06853921509842616,0.0687007593446589,0.08007969386416322,0.07484070522882122
33,0.18426601176478985,0.1504488982288184,0.17888888814719012,0.20353775952470415,0.15370759559509445,0.1600792094762969,0.20017935864067526,0.11051271319754793,0.1916691349660743,0.15813630633871126,0.16761386620465524,0.1714920653192938,0.16684731225317367,0.11540890186281091,0.18116853366681354,0.22128159073377812,0.21794897651502323,0.19206857686985912,0.20607847510789767,0.19765300747033993,0.21051023630230653,0.1896359041039819,0.15681736181868197,0.16894718074739967,0.1879833508859477,0.07858706356184375,1.0,0.1780404245535983,0.15268533986504257,0.20518587929652315,0.16583534156858412,0.25112854736840795,0.20766695730603368,0.18438000428430357,0.34912223398112135,0.15999602643932592,0.17338829062530325,0.2013110038792436,0.19033902141401685,0.1498459698994874,0.16494250104012473,0.16610605162889153,0.19349888678108362,0.19971503925179873,0.17769689518162696,0.17898408573530727,0.18685063676886168,0.15034708631251698,0.19838127754741958,0.17046786197616556,0.15877546173354137,0.18533639109646707,0.1713463657872139,0.14457472550910846,0.23164821434073107,0.11299975922754683,0.16695673014481308,0.1336397246821238,0.19043235298930766,0.14873993384702033
34,0.17057648303573264,0.12065907072530946,0.1355207992501395,0.13830693637686195,0.11967104738137083,0.10857807477628838,0.11445844651108747,0.1301102676378239,0.1079024733184563,0.1304561963374144,0.11065863426546438,0.12376789113749709,0.08418471924385665,0.09698905384396476,0.1384331053084015,0.14691965087841324,0.15016721209490563,0.09946057978700391,0.09740342068556392,0.12731478785580336,0.12243278250278222,0.1264216655844454,0.1261124530755955,0.11734103008912311,0.12433697476140768,0.05563613237318386,0.1780404245535983,1.0,0.11619262671666668,0.13468446851125626,0.17437290807588063,0.24299054115449845,0.20583440856706262,0.13782263357677765,0.22284001666542314,0.15221742523798604,0.14068079565377017,0.12877792754059297,0.13758770489323421,0.11900844932038086,0.10656408902925514,0.1699995764334596,0.1202901679360318,0.11508610378017345,0.10645490193396201,0.1154228651391814,0.17805860552317201,0.1513422352479039,0.11626813856246491,0.10915759484131198,0.11397238891894776,0.13087879793835006,0.11575827874201536,0.10859831169588767,0.1260296171942202,0.09809438743927978,0.16282490552218126,0.10190191861433529,0.10178508576109438,0.15898020344215597
35,0.15256434690404447,0.15230364829484197,0.1518691013748518,0.10010577918350005,0.1186254949014979,0.12952841714491758,0.10511704725309148,0.11303030181022629,0.09892894766121843,0.10103315881819194,0.1263317163175599,0.10959766420554318,0.12640344811618642,0.1420034646627229,0.18137960403869866,0.12578206668723513,0.14926710333034507,0.14473834444936057,0.12961343539816178,0.1495117409539289,0.15761399054064515,0.15075868930893788,0.12266852606098148,0.15933322804682173,0.14103993618916838,0.04338350698003071,0.15268533986504257,0.11619262671666668,1.0,0.1575279589207054,0.22851108829242714,0.13350163435386125,0.1742152489234244,0.14697402191788364,0.1688280149955325,0.10806038779548222,0.14334024402729692,0.10654214034338624,0.11398479230150318,0.11012865964309675,0.12241857862377133,0.12356559808908005,0.10338504850326809,0.10285048643286446,0.11138465867257004,0.12880942038882134,0.10544300753577329,0.14877100146989095,0.10697704784527154,0.11493633048111862,0.09376488797194163,0.1250678333716131,0.10064710117711546,0.1141348081523049,0.12559023512226278,0.0750482723156979,0.08855062400649209,0.09912779351020562,0.12577728645884148,0.09763598721719997
36,0.17025459339098953,0.15504967040515522,0.17960756601298622,0.142059605591974,0.1252088107180221,0.17857889133629462,0.14792106517920933,0.11077910482332567,0.15062816981009836,0.13720981569750257,0.20944767638395909,0.2081459201662334,0.19015834920082433,0.1112448763963001,0.22086725463285353,0.21257647763073537,0.23905623967709425,0.21708444279071254,0.2109752753172701,0.2515440920470959,0.23948346488966746,0.22944018601549562,0.12451446604996588,0.1909211416498424,0.2188332904734068,0.09255544608550179,0.20518587929652315,0.13468446851125626,0.1575279589207054,1.0,0.21054567446183717,0.18584451501021884,0.2011433384146626,0.1652003627057801,0.15178091261817003,0.14104339223438744,0.18979456190654034,0.1445131566971845,0.1416704004104279,0.1636872856802491,0.15098209042958985,0.13927234113598566,0.16577672249185751,0.16117555842082681,0.12373033082844435,0.16497965578106616,0.21410022583929583,0.16588511199618367,0.17774635836704342,0.18182821917352976,0.16925850314072596,0.1961208394020108,0.1943224246178579,0.16973149484458205,0.1998934803592205,0.15044063425891543,0.18095237270799727,0.11336781511341157,0.18616174426620574,0.1226903934634748
37,0.17069644989968663,0.15715713068434217,0.19566267407250107,0.1417390401870861,0.11068291595955793,0.12013308227210953,0.12411771320173817,0.11680669267831245,0.12699779871100988,0.11345347783533807,0.11991655944472948,0.16329933693684442,0.12127773264104333,0.17212831391489805,0.2331273276971409,0.14725983304910004,0.22745348810972965,0.1577670810944689,0.18391547448287948,0.18138764228142382,0.20130284196547393,0.2021542667161597,0.10967796366823443,0.16551482013578284,0.18030195541564192,0.07030939321990737,0.16583534156858412,0.17437290807588063,0.22851108829242714,0.21054567446183717,1.0,0.17803818897486318,0.22694250702938712,0.16765421688779852,0.1776996125980315,0.11284008474055866,0.16704552311673235,0.14806698305475346,0.17171568797240871,0.12327705552331891,0.1487858039705809,0.13616368701901008,0.11841681866412582,0.1412193901910915,0.10930520444184995,0.14514542951980572,0.15632660647447022,0.18629631969508376,0.14527674836525914,0.126612409793759,0.11952806304167352,0.18546748837326635,0.12478847653077937,0.11784938908929561,0.13492985828458673,0.10343448557123666,0.14330955025867853,0.11801030929027082,0.156534646485395,0.12197790560879813
38,0.17176664444930326,0.14410029073157218,0.15502782048138825,0.12744042584895143,0.1531873154351741,0.13391354320563745,0.13688404986510833,0.126458594586909,0.12000464723245255,0.14207879987648706,0.11042351179678975,0.17693813625413052,0.1171063161225718,0.11399287489296857,0.1350637877088036,0.16274330981596025,0.15879236834551008,0.14948665717156318,0.11342176645160755,0.13439176019023463,0.12815180922588026,0.1577598548194103,0.16517174532940032,0.13138679436748696,0.13911065286952087,0.06681050898788327,0.25112854736840795,0.24299054115449845,0.13350163435386125,0.18584451501021884,0.17803818897486318,1.0,0.1555366587361362,0.167716838209904,0.27068984859965556,0.17808345182408067,0.13137852414208676,0.16042021716921612,0.1573577084002485,0.11372777086654402,0.11105141496144755,0.18440912357217973,0.1338226379023609,0.14400723542721164,0.13127270789526055,0.12208199475552806,0.14013948917274244,0.16569662448798414,0.13317184224960582,0.13310492502853755,0.10656379666462627,0.14072570516466726,0.1254379742812598,0.10937885230817704,0.13139340089123436,0.103126854768358,0.1455683497251484,0.12918730886583613,0.14264586970000573,0.13592954482355504
39,0.2388038636964307,0.14094049042416165,0.21305769470583172,0.21207823245106674,0.11133330425171159,0.16731777315989863,0.19801551917588192,0.12519055493359382,0.20826455264378305,0.17833931043264353,0.2131968115066039,0.2029233786451167,0.19015532618103576,0.17706989820248423,0.24854351719737117,0.22121265147916125,0.238359470290799,0.2243304555433614,0.23825535083042465,0.22999120469475462,0.23585457069583765,0.25280160054149114,0.1663174731416089,0.2293352403147515,0.27018508017031284,0.10465495434057193,0.20766695730603368,0.20583440856706262,0.1742152489234244,0.2011433384146626,0.22694250702938712,0.1555366587361362,1.0,0.1963217732876589,0.1854045446022165,0.12457621792651556,0.240571746075417,0.1495619467059335,0.16532534653461486,0.2178655885661822,0.21218314232027308,0.12002850394933332,0.21277061724442134,0.17921827589914485,0.17509302778242172,0.19400734746428988,0.21897196298346425,0.16043789842885273,0.2241564069086115,0.22654881614165942,0.19986649727620587,0.21134189517877852,0.2250376950884208,0.25846475431337046,0.2210471578854128,0.19456436837136767,0.2141984855847369,0.12827278321068838,0.18981214146572664,0.19603106049665214
4,0.2673008690466463,0.15723560185048,0.285022606525521,0.20501468810724183,0.11505112360438892,0.19238883339854226,0.18592850194028485,0.12446378258541287,0.13243386944023658,0.10732557333632231,0.18599833944963004,0.28560297579147864,0.19323675408418234,0.11985231396326897,0.20534739322002826,0.1960491308810397,0.21963522969679375,0.25300876942402695,0.19598523288261518,0.21669876746673372,0.2183512112520118,0.22567107104477513,0.1795086251398937,0.2522409962314879,0.2432598710749788,0.0795659855856289,0.18438000428430357,0.13782263357677765,0.14697402191788364,0.1652003627057801,0.16765421688779852,0.167716838209904,0.1963217732876589,1.0,0.19055432792607713,0.14167754997356102,0.18046643390936226,0.14242531074501957,0.1451537617229356,0.19154229567360442,0.15432951143850526,0.14080119266393445,0.16882344580918812,0.13996159856599472,0.12873420382223486,0.20578126076461087,0.18716630059782108,0.1487145882454562,0.1921887890374962,0.1961734853152969,0.21848716713002184,0.2012570400851803,0.23475881888436545,0.20041146305133797,0.20644978799005326,0.2847121126625218,0.20839461055555536,0.1574799357921286,0.1842877048289795,0.16361681665377387
40,0.18752077912251114,0.1012676344503423,0.15029720273175246,0.13695393540983397,0.13576656705436288,0.13077238013319276,0.1494022336659075,0.10153066626606774,0.13425244771184963,0.13916291871162864,0.12861471976314492,0.14562086688027082,0.1132849567362959,0.11383551446118437,0.16008797224538562,0.17853094091805094,0.2027364695240994,0.143436317952282,0.14705044599772404,0.17622923446601238,0.17013603338639022,0.16959982220629838,0.13713420633898377,0.14342090486607517,0.15616258355777787,0.06129230367754508,0.34912223398112135,0.22284001666542314,0.1688280149955325,0.15178091261817003,0.1776996125980315,0.27068984859965556,0.1854045446022165,0.19055432792607713,1.0,0.13918980673842887,0.1664361174305605,0.15859872214673,0.15366909107373805,0.11986172608335695,0.11520971617608104,0.13417992836745288,0.1170957732686317,0.1514421476466504,0.1127543557393675,0.14426653679779458,0.17157200514182483,0.1734853386951979,0.1606568941052208,0.14743250500229538,0.16364973649480427,0.14789768774928244,0.13495733285967293,0.1278885284173557,0.17739451780950213,0.11034642639807901,0.16646163094981822,0.1139151868235992,0.14612911755240354,0.1439857410710604
41,0.15258825405452253,0.10981480242189501,0.10050370878811479,0.0989920873360616,0.11626679631799348,0.12661919153181894,0.10404640958464291,0.12731170589367674,0.11959951916471541,0.09646773411116664,0.12629953716638562,0.13462124973623668,0.1315029263896436,0.12551340322839963,0.12844843723516391,0.12907651196152883,0.1695166500939159,0.12740421400511265,0.15773230128224253,0.12062388232698407,0.12791610954015004,0.12603519577247022,0.13633175438837136,0.11624442236502679,0.10782272545506533,0.06113219735155388,0.15999602643932592,0.15221742523798604,0.10806038779548222,0.14104339223438744,0.11284008474055866,0.17808345182408067,0.12457621792651556,0.14167754997356102,0.13918980673842887,1.0,0.14922762913863905,0.22749355948267724,0.11519461622045479,0.12558283399783496,0.1349588829475754,0.1715072061089614,0.11967976982308162,0.17890739499464633,0.12184773396327805,0.1324434606151095,0.13445084857975353,0.14954408533275987,0.15948130060404067,0.14062027346649225,0.09741546630728762,0.12575475182484364,0.11438288149325801,0.10724412042913745,0.14452082587687679,0.11622276293147844,0.16179552892843052,0.0792761256017815,0.12748604678960404,0.11233217786178637
42,0.1903188230187686,0.12238163093089416,0.17619495761325457,0.1790217372587406,0.09409123161386404,0.16785810481768568,0.1730983620530809,0.1332008756914248,0.1569739230202338,0.13103166246384856,0.2148199389553592,0.17160166450042938,0.1730031789729391,0.1380205040966085,0.2151045852439169,0.17897516127337204,0.1980096418169618,0.16734734583501915,0.21918348508775515,0.20555247558734074,0.2213415396483615,0.19179982037678772,0.1268755068288694,0.1921396377413563,0.1955138936398562,0.07352738663971078,0.17338829062530325,0.14068079565377017,0.14334024402729692,0.18979456190654034,0.16704552311673235,0.13137852414208676,0.240571746075417,0.18046643390936226,0.1664361174305605,0.14922762913863905,1.0,0.16047654409279294,0.1644576417728088,0.19318949745042274,0.16587055343614088,0.13371093098257988,0.20312011047477713,0.17910234042563009,0.14838192423167224,0.2011840076853378,0.21755735993484465,0.23489889312535034,0.23277808265529493,0.2666188339012068,0.2071520693457872,0.2975473737368005,0.2352156925128514,0.22204926718157666,0.24140445749456257,0.12241105390102694,0.23565455882675126,0.131584302413239,0.18215022525604763,0.15625599302790993
43,0.09701063256664037,0.16530126630054826,0.13585210763948835,0.09817486940640799,0.1494846510235801,0.1363267928741924,0.13253367456075704,0.12045425643175571,0.14165662870067824,0.0924527158186839,0.1460359986583084,0.13370249356313219,0.1711412669077082,0.14442524156118247,0.16006102752363685,0.17649953227812076,0.13884110895213103,0.15738608467245996,0.19283807989668592,0.17587862901794565,0.15441664037430164,0.17705773752469936,0.12422920291660744,0.13197232416417237,0.15413792442672375,0.05754902676874176,0.2013110038792436,0.12877792754059297,0.10654214034338624,0.1445131566971845,0.14806698305475346,0.16042021716921612,0.1495619467059335,0.14242531074501957,0.15859872214673,0.22749355948267724,0.16047654409279294,1.0,0.1547028301785743,0.18672390676556766,0.162296129544626,0.15534867223659599,0.13906490262320678,0.10915876496151475,0.16496078277037038,0.12707415825995552,0.14614282703995252,0.155195964752529,0.15359213474508154,0.1822272685957346,0.1602234602361307,0.12501981582827792,0.1454175221371971,0.15551816066109334,0.1529621453960974,0.12326916728610122,0.1833661555447945,0.12202674114054683,0.16068520641953818,0.09390130466902148
44,0.17864289323891117,0.1120365725231383,0.17628737213434342,0.15191208482336038,0.12726637174461025,0.1465914014307349,0.13390097882059027,0.12340210973389269,0.12837741653228735,0.13554416217267692,0.1469342153150913,0.14972991952951603,0.15362630413926331,0.11205017025800709,0.16734718085579758,0.15344627683628062,0.15947322334150207,0.13608199461820614,0.14426417196512747,0.1655440360810015,0.14439779032287295,0.152157881435426,0.14933914978915958,0.15544218690160572,0.14835541348772718,0.04979138114990901,0.19033902141401685,0.13758770489323421,0.11398479230150318,0.1416704004104279,0.17171568797240871,0.1573577084002485,0.16532534653461486,0.1451537617229356,0.15366909107373805,0.11519461622045479,0.1644576417728088,0.1547028301785743,1.0,0.1278528636561393,0.15814869624772335,0.2187892834047253,0.1529388698847953,0.15973015828221168,0.15023945905700825,0.13650485233385287,0.20952790129742124,0.2071436987017523,0.14900853863255098,0.17080476366376054,0.12731080989979476,0.1461037481440942,0.12173183236816285,0.14264319878985718,0.15906228539478323,0.0996236279647176,0.1328685696963502,0.15811746059600082,0.16106589062035004,0.17359856495523313
45,0.16658912527139652,0.12129658944712078,0.20766676152289332,0.1911394234553641,0.09823991479187101,0.191710495315415,0.24927229688028643,0.095549502729423,0.20455903536438505,0.09323550060678816,0.21562553510622315,0.17312276318940828,0.19393277242578083,0.09492708529807055,0.25746209285573896,0.22053566124036697,0.2316785794204285,0.21439842837836304,0.27516584674318745,0.29524335246408634,0.22515486067113732,0.2171300715494394,0.1321532532559472,0.22895951129595984,0.23627430606232885,0.09407510785211133,0.1498459698994874,0.11900844932038086,0.11012865964309675,0.1636872856802491,0.12327705552331891,0.11372777086654402,0.2178655885661822,0.19154229567360442,0.11986172608335695,0.12558283399783496,0.19318949745042274,0.18672390676556766,0.1278528636561393,1.0,0.24429608826738036,0.09065834157012682,0.269693748439601,0.14282448684302093,0.12306230150675201,0.2336823235395709,0.212843057123219,0.13787948998026944,0.21940514646967363,0.23506663316778553,0.2869063207163342,0.22868210052144558,0.3390866735080184,0.32624352788278765,0.2778154644213009,0.210748383507038,0.214075605623626,0.09163591833245144,0.16499266950896557,0.11146167235457809
46,0.1556690181313622,0.12668737792827617,0.19010853924951668,0.17864492745062663,0.08952296370201891,0.22765246693538232,0.2595149001707293,0.09473772377199477,0.25932631191741606,0.13058277114843694,0.19853623764007255,0.16272181636738084,0.22139763083083422,0.10263771059803987,0.24885712476117963,0.19222275882654805,0.22104515891067536,0.18260103203599656,0.27354638689412936,0.2389120588769697,0.24959539047226026,0.21672238396555238,0.13718057471962233,0.2178874490598653,0.2259341620116734,0.08790351031564743,0.16494250104012473,0.10656408902925514,0.12241857862377133,0.15098209042958985,0.1487858039705809,0.11105141496144755,0.21218314232027308,0.15432951143850526,0.11520971617608104,0.1349588829475754,0.16587055343614088,0.162296129544626,0.15814869624772335,0.24429608826738036,1.0,0.11571233931441875,0.31631410381986325,0.19061227671400266,0.13783181265292904,0.3380796463020633,0.17336452821226925,0.10133496227876915,0.23349808388899138,0.193844781606475,0.18492376856022702,0.15590607876549653,0.17207810312405908,0.21186968506112205,0.19483961365437583,0.16062929029724807,0.16092600662567527,0.09189206515586343,0.1404662247402299,0.11997620366983201
47,0.15380021365526475,0.10851078665210032,0.13616742965344358,0.13914906256875575,0.13663453693630223,0.12366441345784387,0.0956713071458158,0.1931545975015571,0.12304735308801029,0.10523325115907403,0.11747014157700955,0.10783059380293705,0.11860937632777295,0.09726401154245612,0.1355242794526989,0.11791260999173354,0.14052512103005652,0.12630998648265593,0.14032007506817418,0.11483452348676981,0.12591075006167615,0.11631590690989282,0.1604148818544911,0.11684220542114705,0.13073438397917586,0.04265929031795705,0.16610605162889153,0.1699995764334596,0.12356559808908005,0.13927234113598566,0.13616368701901008,0.18440912357217973,0.12002850394933332,0.14080119266393445,0.13417992836745288,0.1715072061089614,0.13371093098257988,0.15534867223659599,0.2187892834047253,0.09065834157012682,0.11571233931441875,1.0,0.12751601413197763,0.17389864310205114,0.14436039583188517,0.1558372521914917,0.15206013544389285,0.11870781764499663,0.159719953615358,0.1531712781328812,0.13111198930650084,0.13232968740980106,0.10354815910865382,0.12871701707491115,0.14155956569207717,0.09291980776697735,0.13785441954764752,0.09180860839917027,0.14300866971627482,0.13129108147422888
48,0.18822127166045716,0.12287252650867893,0.20045805356476074,0.19740628895534215,0.11883807663501597,0.2030467082052147,0.2283519838111384,0.09506260279948923,0.23031363213443265,0.11389005600740446,0.19829705242047937,0.20441040859454027,0.22148013134354622,0.09164255271957614,0.2768646878595032,0.1853368604825766,0.20723021631911073,0.21039149457000797,0.2475963555936273,0.24518657315351788,0.22500221798790615,0.1877175352174004,0.12723693049741164,0.18720396115082133,0.212832227331429,0.07714328860606907,0.19349888678108362,0.1202901679360318,0.10338504850326809,0.16577672249185751,0.11841681866412582,0.1338226379023609,0.21277061724442134,0.16882344580918812,0.1170957732686317,0.11967976982308162,0.20312011047477713,0.13906490262320678,0.1529388698847953,0.269693748439601,0.31631410381986325,0.12751601413197763,1.0,0.2330255168627467,0.15669825955418687,0.2857436040903328,0.20623440157995496,0.12561884256953326,0.2216908152105364,0.20523171850050606,0.19025115263111142,0.1956503172792095,0.200194533682311,0.22730898034405564,0.2213998620826385,0.14968056770965232,0.1763951993445319,0.1298199683223647,0.18699963252647564,0.14311176280337173
49,0.17829498723082512,0.12664350208911085,0.14191360722048,0.15329960361239386,0.09527732957158545,0.21569989672840945,0.1683065421925906,0.1103085163943462,0.18721408302074188,0.12198153002986353,0.173742631733043,0.11828999130518643,0.19620311034313198,0.10065726226452895,0.19550416974096466,0.14488956263611788,0.18748462660448825,0.15842349579633558,0.17508766664941086,0.1537794990602308,0.17112041887335186,0.16400012080973317,0.12337519497949789,0.16117941980559586,0.1494780524141528,0.10828827859875836,0.19971503925179873,0.11508610378017345,0.10285048643286446,0.16117555842082681,0.1412193901910915,0.14400723542721164,0.17921827589914485,0.13996159856599472,0.1514421476466504,0.17890739499464633,0.17910234042563009,0.10915876496151475,0.15973015828221168,0.14282448684302093,0.19061227671400266,0.17389864310205114,0.2330255168627467,1.0,0.15511046788188793,0.18935310656258092,0.16030973204791726,0.16182649092763424,0.19804213251322195,0.1481530368726318,0.15326768075924546,0.1741222588507192,0.17622009570871358,0.1472385632989049,0.1968992190639582,0.13392319525409419,0.2109157693039923,0.10918485187705648,0.17780467745905937,0.13445041935326757
5,0.13292155412585216,0.18282745301660755,0.14568833846527843,0.19771171635111023,0.14861125542372128,0.14569362682074624,0.12209333867022121,0.11122612458382304,0.16258960438137343,0.23179391752910278,0.15482701008131597,0.16464705333664692,0.20768644406407252,0.1039601727288038,0.1483427374734021,0.16461226053050132,0.16290107654299849,0.1291130288881656,0.17497362084527956,0.1418816853132375,0.1613738599843823,0.11358405248143959,0.1085026369291581,0.15311165021389792,0.13851880917414966,0.06429684282049293,0.17769689518162696,0.10645490193396201,0.11138465867257004,0.12373033082844435,0.10930520444184995,0.13127270789526055,0.17509302778242172,0.12873420382223486,0.1127543557393675,0.12184773396327805,0.14838192423167224,0.16496078277037038,0.15023945905700825,0.12306230150675201,0.13783181265292904,0.14436039583188517,0.15669825955418687,0.15511046788188793,1.0,0.14052355129083643,0.14257966511050807,0.09133097988891362,0.1508544266276347,0.17653688264145231,0.1480187268920102,0.15564680458937338,0.13632516453130067,0.14937873161616344,0.12738476991859793,0.10153562627248995,0.11619820761668018,0.2192901862377319,0.16356138384653285,0.13542923745469507
50,0.21881661803529182,0.13376124869210843,0.1936157191040416,0.18499185141798433,0.09280438627534573,0.2179185237206392,0.22605638542320428,0.10748077653414731,0.20775264495667517,0.11541483987501207,0.21035792896413322,0.19244595722560107,0.1940691929945208,0.09341726382509877,0.28751913608876045,0.22205507551093112,0.24044999843007622,0.22757140206528978,0.263436639933971,0.29347721886057443,0.27648314118069506,0.18216375714075422,0.1261743205763624,0.22305417531206997,0.2312443160870238,0.10938138267821498,0.17898408573530727,0.1154228651391814,0.12880942038882134,0.16497965578106616,0.14514542951980572,0.12208199475552806,0.19400734746428988,0.20578126076461087,0.14426653679779458,0.1324434606151095,0.2011840076853378,0.12707415825995552,0.13650485233385287,0.2336823235395709,0.3380796463020633,0.1558372521914917,0.2857436040903328,0.18935310656258092,0.14052355129083643,1.0,0.18861680022091507,0.1416792123133975,0.21283331742099873,0.20903165538956453,0.23828240595717531,0.20145283920074702,0.2284944000816096,0.23308248073205542,0.20988344810040305,0.19866819375942057,0.16251552194094698,0.11591962055784824,0.14861103141782622,0.14745515301045384
51,0.16969759237360676,0.12463192902549722,0.1640627152118323,0.1913715469843788,0.13288517057801955,0.17306286517695604,0.19146923055572496,0.1193752438080888,0.1872878862596204,0.12533028644535743,0.1786765703831698,0.20797269384601105,0.17972653451220147,0.11009936512771619,0.21254902895088365,0.19326246807943073,0.2267485406872515,0.20324748900325637,0.2439864046237287,0.2229413885283705,0.22083889689510885,0.1990964379172345,0.16855993782447784,0.2136538977629879,0.21207028498732736,0.0766688893588292,0.18685063676886168,0.17805860552317201,0.10544300753577329,0.21410022583929583,0.15632660647447022,0.14013948917274244,0.21897196298346425,0.18716630059782108,0.17157200514182483,0.13445084857975353,0.21755735993484465,0.14614282703995252,0.20952790129742124,0.212843057123219,0.17336452821226925,0.15206013544389285,0.20623440157995496,0.16030973204791726,0.14257966511050807,0.18861680022091507,1.0,0.17306195696566337,0.1965122998488014,0.21049869376823183,0.19752850716056516,0.23287422571383667,0.17827298317836768,0.21809956578592243,0.2385751275099997,0.15037148372138134,0.20270018727825656,0.1324719420931915,0.17407884857683054,0.17754301573223524
52,0.21314325299739761,0.1175316653158005,0.1435095301667753,0.14699684680376768,0.0780648136046844,0.15427331397634764,0.10784717307486354,0.10462410380351872,0.09636711125482282,0.09701354660800697,0.1686666305732531,0.16034075096786413,0.1365637801408286,0.16540233579127842,0.15705873095228723,0.12754427199529292,0.13307593287219777,0.14918024896879928,0.1511026287489334,0.1322964491104941,0.15068021006174084,0.17236162402727156,0.12524087952120036,0.14882939910898257,0.1405715478946962,0.06320548932362029,0.15034708631251698,0.1513422352479039,0.14877100146989095,0.16588511199618367,0.18629631969508376,0.16569662448798414,0.16043789842885273,0.1487145882454562,0.1734853386951979,0.14954408533275987,0.23489889312535034,0.155195964752529,0.2071436987017523,0.13787948998026944,0.10133496227876915,0.11870781764499663,0.12561884256953326,0.16182649092763424,0.09133097988891362,0.1416792123133975,0.17306195696566337,1.0,0.14632704136922442,0.209082438440078,0.13098900859258053,0.2562456048152396,0.17133795295397644,0.1567913479555668,0.1753979790638289,0.11349557655568229,0.1717133175419076,0.10866626090559128,0.13591964262466907,0.12146360000105523
53,0.19069900176759425,0.1157067266768221,0.18506793042894393,0.18158797061121276,0.09910295235488861,0.15263597681133492,0.19197564866684236,0.11730655375132351,0.19408646061151041,0.1129680585629302,0.15676700574659072,0.1797205041223169,0.1619852137294812,0.08920051871836374,0.2298906729632761,0.1958976855347526,0.22475369966218714,0.1900958890607461,0.2215599043286353,0.20174811361758782,0.234026401986449,0.24098063000663256,0.13915836544616056,0.1894410219258609,0.25964765436314635,0.10675539806201287,0.19838127754741958,0.11626813856246491,0.10697704784527154,0.17774635836704342,0.14527674836525914,0.13317184224960582,0.2241564069086115,0.1921887890374962,0.1606568941052208,0.15948130060404067,0.23277808265529493,0.15359213474508154,0.14900853863255098,0.21940514646967363,0.23349808388899138,0.159719953615358,0.2216908152105364,0.19804213251322195,0.1508544266276347,0.21283331742099873,0.1965122998488014,0.14632704136922442,1.0,0.26036964864109036,0.30258543227267926,0.2822586503764472,0.24651814847718515,0.281146835059572,0.25091233746011377,0.15862784223355422,0.26397652515898906,0.1278056800088363,0.1527507571540073,0.14215996003555337
54,0.19758962624499385,0.12829773244270412,0.16732514274384083,0.17226041959070235,0.09637335349655698,0.19649032175482434,0.18487939255105917,0.11794858958157647,0.20837926964760908,0.13622369251697575,0.219104255151697,0.2109887452086844,0.21458814545094293,0.12234072313735293,0.22367431011087122,0.23885701434882697,0.24919743925278812,0.19760406708842648,0.25124515657764057,0.2178551050719873,0.26367311727137954,0.19900456008731765,0.14320117945591862,0.2396732378361263,0.18233839802901097,0.0888524907949626,0.17046786197616556,0.10915759484131198,0.11493633048111862,0.18182821917352976,0.126612409793759,0.13310492502853755,0.22654881614165942,0.1961734853152969,0.14743250500229538,0.14062027346649225,0.2666188339012068,0.1822272685957346,0.17080476366376054,0.23506663316778553,0.193844781606475,0.1531712781328812,0.20523171850050606,0.1481530368726318,0.17653688264145231,0.20903165538956453,0.21049869376823183,0.209082438440078,0.26036964864109036,1.0,0.2642248297339038,0.2870782015295842,0.28075601264690525,0.23351956658163,0.22945263133205102,0.20452121118426211,0.24220838075263487,0.1351979245668608,0.16503206594505523,0.12785027556884376
55,0.17169461433151137,0.11586938495003038,0.21992627275429388,0.18853415308876223,0.0816353835718894,0.17216222267217834,0.2127966327228746,0.11043704002913293,0.15881307196875416,0.09790096626618268,0.15320054813376913,0.18925538227384356,0.15186108123794118,0.08717704117430085,0.24675094054992863,0.24545973035819704,0.21610394767730226,0.19597669507337034,0.21042700144674936,0.27607934265349565,0.22086549624167703,0.26525329945622717,0.12926156323424057,0.1733434801222884,0.27969310490066474,0.0893400766989221,0.15877546173354137,0.11397238891894776,0.09376488797194163,0.16925850314072596,0.11952806304167352,0.10656379666462627,0.19986649727620587,0.21848716713002184,0.16364973649480427,0.09741546630728762,0.2071520693457872,0.1602234602361307,0.12731080989979476,0.2869063207163342,0.18492376856022702,0.13111198930650084,0.19025115263111142,0.15326768075924546,0.1480187268920102,0.23828240595717531,0.19752850716056516,0.13098900859258053,0.30258543227267926,0.2642248297339038,1.0,0.3458572942479087,0.30653946426376316,0.36943800197243426,0.2692364499259844,0.19161938808828166,0.24537650501803981,0.14245646102669046,0.14263859117984512,0.16480631454406552
56,0.19552943438533943,0.13033976656235544,0.20289508822765773,0.18300704497717643,0.11661039103284407,0.21735756780388718,0.1754061899354819,0.1168516725188169,0.16991294889271985,0.12297830726622397,0.18039563198719794,0.207811743829675,0.19355434731913843,0.10494357748447172,0.1976835949154166,0.22531951617958573,0.20175395479911043,0.2113172384685668,0.19595183193267926,0.21019310615911677,0.23158445301917396,0.22438073119659388,0.11261925555015151,0.17772672756136193,0.20325936740551676,0.09060011672402972,0.18533639109646707,0.13087879793835006,0.1250678333716131,0.1961208394020108,0.18546748837326635,0.14072570516466726,0.21134189517877852,0.2012570400851803,0.14789768774928244,0.12575475182484364,0.2975473737368005,0.12501981582827792,0.1461037481440942,0.22868210052144558,0.15590607876549653,0.13232968740980106,0.1956503172792095,0.1741222588507192,0.15564680458937338,0.20145283920074702,0.23287422571383667,0.2562456048152396,0.2822586503764472,0.2870782015295842,0.3458572942479087,1.0,0.3044735537146711,0.27914042237116166,0.2495045689657795,0.16746333542781447,0.25908993574449024,0.1298842710546963,0.16631387641559311,0.11163688413211319
57,0.17333312169951576,0.17088566114822162,0.2219733075319021,0.18340208421267795,0.10449463947756396,0.21336945485409925,0.21891709569712772,0.09469213463884543,0.17106258047858375,0.12142224322724873,0.21211503659544934,0.24749165002215534,0.2435154658502579,0.08978701246527673,0.1814207143921837,0.22613071366873597,0.19390409072549447,0.22689614558417234,0.22933846261800178,0.22411377440144956,0.22164616681554428,0.22142186000344685,0.10278604135952421,0.2003585536823603,0.2184536731926879,0.09098489914228972,0.1713463657872139,0.11575827874201536,0.10064710117711546,0.1943224246178579,0.12478847653077937,0.1254379742812598,0.2250376950884208,0.23475881888436545,0.13495733285967293,0.11438288149325801,0.2352156925128514,0.1454175221371971,0.12173183236816285,0.3390866735080184,0.17207810312405908,0.10354815910865382,0.200194533682311,0.17622009570871358,0.13632516453130067,0.2284944000816096,0.17827298317836768,0.17133795295397644,0.24651814847718515,0.28075601264690525,0.30653946426376316,0.3044735537146711,1.0,0.2997801514151336,0.2859501382289141,0.2070522626769235,0.25373453951049757,0.13240171540436835,0.19101296554565836,0.11322170091069231
58,0.1737945829557604,0.12499524272429785,0.1909866801900742,0.19605170510728803,0.08385530171249542,0.17347458700993856,0.22746301475482822,0.13636907264783074,0.21707076397767774,0.12931426499735554,0.19315771133286425,0.21092738118997084,0.2143588061119023,0.1274096002616766,0.2589618288492149,0.24493320282812245,0.214304686171746,0.20243443468283226,0.28089174891402696,0.2432451993949285,0.2044649415574053,0.3173137051153767,0.1574751356586359,0.23603035393621,0.2836213922911198,0.08198488070748115,0.14457472550910846,0.10859831169588767,0.1141348081523049,0.16973149484458205,0.11784938908929561,0.10937885230817704,0.25846475431337046,0.20041146305133797,0.1278885284173557,0.10724412042913745,0.22204926718157666,0.15551816066109334,0.14264319878985718,0.32624352788278765,0.21186968506112205,0.12871701707491115,0.22730898034405564,0.1472385632989049,0.14937873161616344,0.23308248073205542,0.21809956578592243,0.1567913479555668,0.281146835059572,0.23351956658163,0.36943800197243426,0.27914042237116166,0.2997801514151336,1.0,0.2993346614475321,0.19259787038422566,0.2276174655638355,0.11588011034351861,0.14549339754068338,0.12518487210098933
59,0.19715623964695514,0.12253843893338749,0.20541575233076764,0.1478008377872346,0.12333766430832963,0.18837387744716957,0.20406080878611582,0.11777902268045112,0.16695503045821383,0.11854675982648252,0.2142926332690176,0.17913296504439638,0.1818769707162847,0.11656447828470337,0.18513268804135302,0.18573555678957235,0.19652093253733122,0.20805010215424655,0.2532424093474247,0.20823369115055854,0.20691086156218458,0.22979197694583037,0.14677857646590348,0.20477330658335516,0.2208893296002893,0.08652942002377623,0.23164821434073107,0.1260296171942202,0.12559023512226278,0.1998934803592205,0.13492985828458673,0.13139340089123436,0.2210471578854128,0.20644978799005326,0.17739451780950213,0.14452082587687679,0.24140445749456257,0.1529621453960974,0.15906228539478323,0.2778154644213009,0.19483961365437583,0.14155956569207717,0.2213998620826385,0.1968992190639582,0.12738476991859793,0.20988344810040305,0.2385751275099997,0.1753979790638289,0.25091233746011377,0.22945263133205102,0.2692364499259844,0.2495045689657795,0.2859501382289141,0.2993346614475321,1.0,0.1962626802119228,0.23419131835324905,0.109751941365405,0.18977760262899646,0.12489021097088
6,0.1810332890788222,0.1357758082257341,0.19685395422333235,0.19567994615861115,0.0858968762190172,0.19567999556211707,0.1869425825687856,0.09308827837217806,0.14886010811152733,0.10486171901006344,0.2127735711448085,0.21344247686431128,0.2114352211379246,0.1016192308960788,0.17852921633149613,0.180848731321416,0.20872399889523222,0.23462255470308988,0.1879857810106591,0.18192596509174017,0.2072128680278733,0.19419257164309023,0.11604529444015374,0.22607673029445277,0.19552722739575595,0.0811723126582669,0.11299975922754683,0.09809438743927978,0.0750482723156979,0.15044063425891543,0.10343448557123666,0.103126854768358,0.19456436837136767,0.2847121126625218,0.11034642639807901,0.11622276293147844,0.12241105390102694,0.12326916728610122,0.0996236279647176,0.210748383507038,0.16062929029724807,0.09291980776697735,0.14968056770965232,0.13392319525409419,0.10153562627248995,0.19866819375942057,0.15037148372138134,0.11349557655568229,0.15862784223355422,0.20452121118426211,0.19161938808828166,0.16746333542781447,0.2070522626769235,0.19259787038422566,0.1962626802119228,1.0,0.17358224647267764,0.10859116152289316,0.17474196092178593,0.12371239297647733
60,0.1872838402536852,0.12283262418990089,0.16928245489688973,0.16872120872300073,0.12686512088003582,0.16157187409231333,0.17980514258662045,0.1001610097644389,0.1713253409966439,0.12849496548521516,0.17445536948414228,0.14370117360545528,0.16252409356418146,0.11940942035186067,0.22239235536927918,0.17747495578701963,0.18600308246511216,0.14181908986339017,0.18749257327592886,0.21383440911128604,0.2483860749387623,0.23750581431412937,0.13259199552350612,0.19217964498046639,0.20169640703388877,0.06853921509842616,0.16695673014481308,0.16282490552218126,0.08855062400649209,0.18095237270799727,0.14330955025867853,0.1455683497251484,0.2141984855847369,0.20839461055555536,0.16646163094981822,0.16179552892843052,0.23565455882675126,0.1833661555447945,0.1328685696963502,0.214075605623626,0.16092600662567527,0.13785441954764752,0.1763951993445319,0.2109157693039923,0.11619820761668018,0.16251552194094698,0.20270018727825656,0.1717133175419076,0.26397652515898906,0.24220838075263487,0.24537650501803981,0.25908993574449024,0.25373453951049757,0.2276174655638355,0.23419131835324905,0.17358224647267764,1.0,0.11830038828528158,0.1471582848007245,0.11866510859995191
7,0.19057270566985,0.13033759705862172,0.1627268460256857,0.1562930262700374,0.1158332584382507,0.13048326043818087,0.10657766762075542,0.10834282115371088,0.11380671439859284,0.14308031047373135,0.13315768578368625,0.18724048623271128,0.16428211299531878,0.08516262383219013,0.12477276238757615,0.13020170849248744,0.12835922244547607,0.10801630643618143,0.13239506973198595,0.11577672568661664,0.13708643675810822,0.12196825797332256,0.1439226421083702,0.11470727706516622,0.13111391067264547,0.0687007593446589,0.1336397246821238,0.10190191861433529,0.09912779351020562,0.11336781511341157,0.11801030929027082,0.12918730886583613,0.12827278321068838,0.1574799357921286,0.1139151868235992,0.0792761256017815,0.131584302413239,0.12202674114054683,0.15811746059600082,0.09163591833245144,0.09189206515586343,0.09180860839917027,0.1298199683223647,0.10918485187705648,0.2192901862377319,0.11591962055784824,0.1324719420931915,0.10866626090559128,0.1278056800088363,0.1351979245668608,0.14245646102669046,0.1298842710546963,0.13240171540436835,0.11588011034351861,0.109751941365405,0.10859116152289316,0.11830038828528158,1.0,0.20187101198305077,0.2249502293819014
8,0.1544271325561807,0.2093175974520654,0.15484230777232194,0.15784076804828934,0.18502038435756019,0.2077171586879115,0.1889604612671976,0.08970981833255622,0.2440176171185416,0.22180583707338206,0.22935966203844133,0.19242336651634853,0.29851865087525287,0.09701884195933433,0.1564546844600963,0.17589864719788242,0.17551054975290875,0.16355267948696312,0.17905276856824068,0.18721495464893864,0.17200999979458645,0.16405244249576328,0.13173781214667182,0.17132506342449835,0.15070517658995336,0.08007969386416322,0.19043235298930766,0.10178508576109438,0.12577728645884148,0.18616174426620574,0.156534646485395,0.14264586970000573,0.18981214146572664,0.1842877048289795,0.14612911755240354,0.12748604678960404,0.18215022525604763,0.16068520641953818,0.16106589062035004,0.16499266950896557,0.1404662247402299,0.14300866971627482,0.18699963252647564,0.17780467745905937,0.16356138384653285,0.14861103141782622,0.17407884857683054,0.13591964262466907,0.1527507571540073,0.16503206594505523,0.14263859117984512,0.16631387641559311,0.19101296554565836,0.14549339754068338,0.18977760262899646,0.17474196092178593,0.1471582848007245,0.20187101198305077,1.0,0.12658385609131023
9,0.21848319941732047,0.13147073154153385,0.17380812973006748,0.1866480960006776,0.08859494577681588,0.12159073761237824,0.13161982788592605,0.12578627657927952,0.16593543895817633,0.1270208690396824,0.15494641845063087,0.15742985452034225,0.12940893859389063,0.10436102498601776,0.16768237442212217,0.1367406017865816,0.1408524546044631,0.13610130273593773,0.14452744800986267,0.13604715764755326,0.12028960561571984,0.15880482626305994,0.22693991764870342,0.13319890907957108,0.1580989183972532,0.07484070522882122,0.14873993384702033,0.15898020344215597,0.09763598721719997,0.1226903934634748,0.12197790560879813,0.13592954482355504,0.19603106049665214,0.16361681665377387,0.1439857410710604,0.11233217786178637,0.15625599302790993,0.09390130466902148,0.17359856495523313,0.11146167235457809,0.11997620366983201,0.13129108147422888,0.14311176280337173,0.13445041935326757,0.13542923745469507,0.14745515301045384,0.17754301573223524,0.12146360000105523,0.14215996003555337,0.12785027556884376,0.16480631454406552,0.11163688413211319,0.11322170091069231,0.12518487210098933,0.12489021097088,0.12371239297647733,0.11866510859995191,0.2249502293819014,0.12658385609131023,1.0
